Id,activity_date,weekday,TotalSteps,TotalDistance,Calories,VeryActiveMinutes,FairlyActiveMinutes,LightlyActiveMinutes,SedentaryMinutes,TotalMinutesAsleep,TotalTimeInBed
1503960366,12-04-2016,Tuesday,13162,8.5,1985,25,13,328,728,NULL,NULL
1503960366,13-04-2016,Wednesday,10735,6.96999979,1797,21,19,217,776,384,407
1503960366,14-04-2016,Thursday,10460,6.739999771,1776,30,11,181,1218,NULL,NULL
1503960366,15-04-2016,Friday,9762,6.28000021,1745,29,34,209,726,412,442
1503960366,16-04-2016,Saturday,12669,8.159999847,1863,36,10,221,773,340,367
1503960366,17-04-2016,Sunday,9705,6.480000019,1728,38,20,164,539,700,712
1503960366,18-04-2016,Monday,13019,8.590000153,1921,42,16,233,1149,NULL,NULL
1503960366,19-04-2016,Tuesday,15506,9.880000114,2035,50,31,264,775,304,320
1503960366,20-04-2016,Wednesday,10544,6.679999828,1786,28,12,205,818,360,377
1503960366,21-04-2016,Thursday,9819,6.340000153,1775,19,8,211,838,325,364
1503960366,22-04-2016,Friday,12764,8.130000114,1827,66,27,130,1217,NULL,NULL
1503960366,23-04-2016,Saturday,14371,9.039999962,1949,41,21,262,732,361,384
1503960366,24-04-2016,Sunday,10039,6.409999847,1788,39,5,238,709,430,449
1503960366,25-04-2016,Monday,15355,9.800000191,2013,73,14,216,814,277,323
1503960366,26-04-2016,Tuesday,13755,8.789999962,1970,31,23,279,833,245,274
1503960366,27-04-2016,Wednesday,18134,12.21000004,2159,78,11,243,1108,NULL,NULL
1503960366,28-04-2016,Thursday,13154,8.529999733,1898,48,28,189,782,366,393
1503960366,29-04-2016,Friday,11181,7.150000095,1837,16,12,243,815,341,354
1503960366,30-04-2016,Saturday,14673,9.25,1947,52,34,217,712,404,425
1503960366,01-05-2016,Sunday,10602,6.809999943,1820,33,35,246,730,NULL,NULL
1503960366,02-05-2016,Monday,14727,9.710000038,2004,41,15,277,798,NULL,NULL
1503960366,03-05-2016,Tuesday,15103,9.659999847,1990,50,24,254,816,NULL,NULL
1503960366,04-05-2016,Wednesday,11100,7.150000095,1819,36,22,203,1179,NULL,NULL
1503960366,05-05-2016,Thursday,14070,8.899999619,1959,45,24,250,857,247,264
1503960366,06-05-2016,Friday,12159,8.029999733,1896,24,6,289,754,NULL,NULL
1503960366,07-05-2016,Saturday,11992,7.710000038,1821,37,46,175,833,NULL,NULL
1503960366,08-05-2016,Sunday,10060,6.579999924,1740,44,8,203,574,NULL,NULL
1503960366,09-05-2016,Monday,12022,7.71999979,1819,46,11,206,835,NULL,NULL
1503960366,10-05-2016,Tuesday,12207,7.769999981,1859,46,31,214,746,NULL,NULL
1503960366,11-05-2016,Wednesday,12770,8.130000114,1783,36,23,251,669,NULL,NULL
1503960366,12-05-2016,Thursday,0,0,0,0,0,0,1440,NULL,NULL
1624580081,12-04-2016,Tuesday,8163,5.309999943,1432,0,0,146,1294,NULL,NULL
1624580081,13-04-2016,Wednesday,7007,4.550000191,1411,0,0,148,1292,NULL,NULL
1624580081,14-04-2016,Thursday,9107,5.920000076,1572,0,0,236,1204,NULL,NULL
1624580081,15-04-2016,Friday,1510,0.980000019,1344,0,0,96,1344,NULL,NULL
1624580081,16-04-2016,Saturday,5370,3.49000001,1463,0,0,176,1264,NULL,NULL
1624580081,17-04-2016,Sunday,6175,4.059999943,1554,15,22,127,1276,NULL,NULL
1624580081,18-04-2016,Monday,10536,7.409999847,1604,17,7,202,1214,NULL,NULL
1624580081,19-04-2016,Tuesday,2916,1.899999976,1435,0,0,141,1299,NULL,NULL
1624580081,20-04-2016,Wednesday,4974,3.230000019,1446,0,0,151,1289,NULL,NULL
1624580081,21-04-2016,Thursday,6349,4.130000114,1467,0,0,186,1254,NULL,NULL
1624580081,22-04-2016,Friday,4026,2.619999886,1470,0,0,199,1241,NULL,NULL
1624580081,23-04-2016,Saturday,8538,5.550000191,1562,0,0,227,1213,NULL,NULL
1624580081,24-04-2016,Sunday,6076,3.950000048,1617,16,18,185,1221,NULL,NULL
1624580081,25-04-2016,Monday,6497,4.21999979,1492,0,0,202,1238,NULL,NULL
1624580081,26-04-2016,Tuesday,2826,1.840000033,1402,0,0,140,1300,NULL,NULL
1624580081,27-04-2016,Wednesday,8367,5.440000057,1670,17,36,154,1233,NULL,NULL
1624580081,28-04-2016,Thursday,2759,1.789999962,1401,0,5,115,1320,NULL,NULL
1624580081,29-04-2016,Friday,2390,1.549999952,1404,0,0,150,1290,NULL,NULL
1624580081,30-04-2016,Saturday,6474,4.300000191,1655,11,23,224,1182,NULL,NULL
1624580081,01-05-2016,Sunday,36019,28.03000069,2690,186,63,171,1020,NULL,NULL
1624580081,02-05-2016,Monday,7155,4.929999828,1497,7,6,166,1261,NULL,NULL
1624580081,03-05-2016,Tuesday,2100,1.370000005,1334,0,0,96,1344,NULL,NULL
1624580081,04-05-2016,Wednesday,2193,1.429999948,1368,0,0,118,1322,NULL,NULL
1624580081,05-05-2016,Thursday,2470,1.610000014,1370,0,0,117,1323,NULL,NULL
1624580081,06-05-2016,Friday,1727,1.120000005,1341,0,0,102,1338,NULL,NULL
1624580081,07-05-2016,Saturday,2104,1.370000005,1474,0,0,182,1258,NULL,NULL
1624580081,08-05-2016,Sunday,3427,2.230000019,1427,0,0,152,1288,NULL,NULL
1624580081,09-05-2016,Monday,1732,1.129999995,1328,0,0,91,1349,NULL,NULL
1624580081,10-05-2016,Tuesday,2969,1.929999948,1393,0,0,139,1301,NULL,NULL
1624580081,11-05-2016,Wednesday,3134,2.039999962,1359,0,0,112,1328,NULL,NULL
1624580081,12-05-2016,Thursday,2971,1.929999948,1002,0,0,107,890,NULL,NULL
1644430081,12-04-2016,Tuesday,10694,7.769999981,3199,2,51,256,1131,NULL,NULL
1644430081,13-04-2016,Wednesday,8001,5.820000172,2902,30,16,135,1259,NULL,NULL
1644430081,14-04-2016,Thursday,11037,8.020000458,3226,5,58,252,1125,NULL,NULL
1644430081,15-04-2016,Friday,5263,3.829999924,2750,3,4,170,1263,NULL,NULL
1644430081,16-04-2016,Saturday,15300,11.11999989,3493,51,42,212,1135,NULL,NULL
1644430081,17-04-2016,Sunday,8757,6.369999886,3011,29,13,186,1212,NULL,NULL
1644430081,18-04-2016,Monday,7132,5.190000057,2806,15,33,121,1271,NULL,NULL
1644430081,19-04-2016,Tuesday,11256,8.180000305,3300,5,58,278,1099,NULL,NULL
1644430081,20-04-2016,Wednesday,2436,1.769999981,2430,0,0,125,1315,NULL,NULL
1644430081,21-04-2016,Thursday,1223,0.889999986,2140,0,0,38,1402,NULL,NULL
1644430081,22-04-2016,Friday,3673,2.670000076,2344,0,0,86,1354,NULL,NULL
1644430081,23-04-2016,Saturday,6637,4.829999924,2677,0,15,160,1265,NULL,NULL
1644430081,24-04-2016,Sunday,3321,2.410000086,2413,0,0,89,1351,NULL,NULL
1644430081,25-04-2016,Monday,3580,2.599999905,2497,8,1,94,1337,NULL,NULL
1644430081,26-04-2016,Tuesday,9919,7.210000038,3123,11,41,223,1165,NULL,NULL
1644430081,27-04-2016,Wednesday,3032,2.200000048,2489,0,0,118,1322,NULL,NULL
1644430081,28-04-2016,Thursday,9405,6.840000153,3108,3,53,227,1157,NULL,NULL
1644430081,29-04-2016,Friday,3176,2.309999943,2498,0,0,120,1193,119,127
1644430081,30-04-2016,Saturday,18213,13.23999977,3846,9,71,402,816,124,142
1644430081,01-05-2016,Sunday,6132,4.460000038,2696,3,24,146,908,NULL,NULL
1644430081,02-05-2016,Monday,3758,2.730000019,2580,1,7,148,682,NULL,NULL
1644430081,03-05-2016,Tuesday,12850,9.340000153,3324,10,94,221,1115,NULL,NULL
1644430081,04-05-2016,Wednesday,2309,1.679999948,2222,0,0,52,1388,NULL,NULL
1644430081,05-05-2016,Thursday,4363,3.190000057,2463,6,12,81,1341,NULL,NULL
1644430081,06-05-2016,Friday,9787,7.119999886,3328,11,6,369,1054,NULL,NULL
1644430081,07-05-2016,Saturday,13372,9.720000267,3404,41,17,243,1139,NULL,NULL
1644430081,08-05-2016,Sunday,6724,4.889999866,2987,0,0,295,991,NULL,NULL
1644430081,09-05-2016,Monday,6643,4.829999924,3008,32,6,303,1099,NULL,NULL
1644430081,10-05-2016,Tuesday,9167,6.659999847,2799,12,19,155,1254,NULL,NULL
1644430081,11-05-2016,Wednesday,1329,0.970000029,1276,0,0,49,713,NULL,NULL
1844505072,12-04-2016,Tuesday,6697,4.429999828,2030,0,0,339,1101,NULL,NULL
1844505072,13-04-2016,Wednesday,4929,3.25999999,1860,0,0,248,1192,NULL,NULL
1844505072,14-04-2016,Thursday,7937,5.25,2130,0,0,373,843,NULL,NULL
1844505072,15-04-2016,Friday,3844,2.539999962,1725,0,0,176,527,644,961
1844505072,16-04-2016,Saturday,3414,2.25999999,1657,0,0,147,1293,NULL,NULL
1844505072,17-04-2016,Sunday,4525,2.99000001,1793,2,8,199,1231,NULL,NULL
1844505072,18-04-2016,Monday,4597,3.039999962,1814,0,12,217,1211,NULL,NULL
1844505072,19-04-2016,Tuesday,197,0.129999995,1366,0,0,10,1430,NULL,NULL
1844505072,20-04-2016,Wednesday,8,0.01,1349,0,0,1,1439,NULL,NULL
1844505072,21-04-2016,Thursday,8054,5.320000172,2062,2,13,308,1117,NULL,NULL
1844505072,22-04-2016,Friday,5372,3.549999952,1827,0,0,220,1220,NULL,NULL
1844505072,23-04-2016,Saturday,3570,2.359999895,1645,0,0,139,1301,NULL,NULL
1844505072,24-04-2016,Sunday,0,0,1347,0,0,0,1440,NULL,NULL
1844505072,25-04-2016,Monday,0,0,1347,0,0,0,1440,NULL,NULL
1844505072,26-04-2016,Tuesday,0,0,1347,0,0,0,1440,NULL,NULL
1844505072,27-04-2016,Wednesday,4,0,1348,0,0,1,1439,NULL,NULL
1844505072,28-04-2016,Thursday,6907,4.570000172,1992,0,0,302,1138,NULL,NULL
1844505072,29-04-2016,Friday,4920,3.25,1856,0,0,247,1082,NULL,NULL
1844505072,30-04-2016,Saturday,4014,2.670000076,1763,0,0,184,218,722,961
1844505072,01-05-2016,Sunday,2573,1.700000048,1541,0,7,75,585,NULL,NULL
1844505072,02-05-2016,Monday,0,0,1348,0,0,0,1440,NULL,NULL
1844505072,03-05-2016,Tuesday,4059,2.680000067,1742,0,0,184,1256,NULL,NULL
1844505072,04-05-2016,Wednesday,2080,1.370000005,1549,0,0,87,1353,NULL,NULL
1844505072,05-05-2016,Thursday,2237,1.480000019,1589,0,0,120,1320,NULL,NULL
1844505072,06-05-2016,Friday,44,0.029999999,1351,0,0,2,1438,NULL,NULL
1844505072,07-05-2016,Saturday,0,0,1347,0,0,0,1440,NULL,NULL
1844505072,08-05-2016,Sunday,0,0,1347,0,0,0,1440,NULL,NULL
1844505072,09-05-2016,Monday,0,0,1347,0,0,0,1440,NULL,NULL
1844505072,10-05-2016,Tuesday,0,0,1347,0,0,0,1440,NULL,NULL
1844505072,11-05-2016,Wednesday,0,0,1347,0,0,0,1440,NULL,NULL
1844505072,12-05-2016,Thursday,0,0,665,0,0,0,711,NULL,NULL
1927972279,12-04-2016,Tuesday,678,0.469999999,2220,0,0,55,734,NULL,NULL
1927972279,13-04-2016,Wednesday,356,0.25,2151,0,0,32,986,398,422
1927972279,14-04-2016,Thursday,2163,1.5,2383,0,9,88,1292,NULL,NULL
1927972279,15-04-2016,Friday,980,0.680000007,2221,0,0,51,941,475,499
1927972279,16-04-2016,Saturday,0,0,2064,0,0,0,1440,NULL,NULL
1927972279,17-04-2016,Sunday,0,0,2063,0,0,0,1440,NULL,NULL
1927972279,18-04-2016,Monday,244,0.170000002,2111,0,0,17,1423,NULL,NULL
1927972279,19-04-2016,Tuesday,0,0,2063,0,0,0,1440,NULL,NULL
1927972279,20-04-2016,Wednesday,0,0,2063,0,0,0,1440,NULL,NULL
1927972279,21-04-2016,Thursday,0,0,2064,0,0,0,1440,NULL,NULL
1927972279,22-04-2016,Friday,149,0.100000001,2093,0,0,10,1430,NULL,NULL
1927972279,23-04-2016,Saturday,2945,2.039999962,2499,0,0,145,1295,NULL,NULL
1927972279,24-04-2016,Sunday,2090,1.450000048,2324,1,6,75,1358,NULL,NULL
1927972279,25-04-2016,Monday,152,0.109999999,2100,0,0,12,1303,NULL,NULL
1927972279,26-04-2016,Tuesday,3761,2.599999905,2638,0,0,192,1058,296,315
1927972279,27-04-2016,Wednesday,0,0,2063,0,0,0,1440,NULL,NULL
1927972279,28-04-2016,Thursday,1675,1.159999967,2351,0,0,95,1167,166,178
1927972279,29-04-2016,Friday,0,0,2063,0,0,0,1440,NULL,NULL
1927972279,30-04-2016,Saturday,0,0,2064,0,0,0,1440,NULL,NULL
1927972279,01-05-2016,Sunday,2704,1.870000005,2411,14,1,70,1355,NULL,NULL
1927972279,02-05-2016,Monday,3790,2.619999886,2505,16,8,94,1322,NULL,NULL
1927972279,03-05-2016,Tuesday,1326,0.920000017,2195,10,0,17,1413,NULL,NULL
1927972279,04-05-2016,Wednesday,1786,1.24000001,2338,0,0,87,1353,NULL,NULL
1927972279,05-05-2016,Thursday,0,0,2063,0,0,0,1440,NULL,NULL
1927972279,06-05-2016,Friday,2091,1.450000048,2383,0,0,108,1332,NULL,NULL
1927972279,07-05-2016,Saturday,1510,1.039999962,2229,0,0,48,1392,NULL,NULL
1927972279,08-05-2016,Sunday,0,0,2063,0,0,0,1440,NULL,NULL
1927972279,09-05-2016,Monday,0,0,2063,0,0,0,1440,NULL,NULL
1927972279,10-05-2016,Tuesday,0,0,2063,0,0,0,1440,NULL,NULL
1927972279,11-05-2016,Wednesday,0,0,2063,0,0,0,1440,NULL,NULL
1927972279,12-05-2016,Thursday,0,0,1383,0,0,0,966,NULL,NULL
2022484408,12-04-2016,Tuesday,11875,8.340000153,2390,42,14,227,1157,NULL,NULL
2022484408,13-04-2016,Wednesday,12024,8.5,2601,43,5,292,1100,NULL,NULL
2022484408,14-04-2016,Thursday,10690,7.5,2312,32,3,257,1148,NULL,NULL
2022484408,15-04-2016,Friday,11034,8.029999733,2525,27,9,282,1122,NULL,NULL
2022484408,16-04-2016,Saturday,10100,7.090000153,2177,41,11,151,1237,NULL,NULL
2022484408,17-04-2016,Sunday,15112,11.39999962,2782,28,29,331,1052,NULL,NULL
2022484408,18-04-2016,Monday,14131,10.06999969,2770,48,3,311,1078,NULL,NULL
2022484408,19-04-2016,Tuesday,11548,8.529999733,2489,31,7,250,1152,NULL,NULL
2022484408,20-04-2016,Wednesday,15112,10.67000008,2897,48,63,276,1053,NULL,NULL
2022484408,21-04-2016,Thursday,12453,8.739999771,3158,104,53,255,1028,NULL,NULL
2022484408,22-04-2016,Friday,12954,9.329999924,2638,52,10,273,1105,NULL,NULL
2022484408,23-04-2016,Saturday,6001,4.210000038,2069,0,0,249,1191,NULL,NULL
2022484408,24-04-2016,Sunday,13481,10.27999973,2529,37,26,216,1161,NULL,NULL
2022484408,25-04-2016,Monday,11369,8.010000229,2470,44,8,217,1171,NULL,NULL
2022484408,26-04-2016,Tuesday,10119,7.190000057,2793,55,24,275,1086,NULL,NULL
2022484408,27-04-2016,Wednesday,10159,7.130000114,2463,19,20,282,1119,NULL,NULL
2022484408,28-04-2016,Thursday,10140,7.119999886,2296,6,20,291,1123,NULL,NULL
2022484408,29-04-2016,Friday,10245,7.190000057,2611,21,40,281,1098,NULL,NULL
2022484408,30-04-2016,Saturday,18387,12.90999985,2732,13,23,361,1043,NULL,NULL
2022484408,01-05-2016,Sunday,10538,7.400000095,2380,25,28,245,1142,NULL,NULL
2022484408,02-05-2016,Monday,10379,7.289999962,2473,36,8,277,1119,NULL,NULL
2022484408,03-05-2016,Tuesday,12183,8.739999771,2752,72,14,250,1104,NULL,NULL
2022484408,04-05-2016,Wednesday,11768,8.289999962,2649,36,27,272,1105,NULL,NULL
2022484408,05-05-2016,Thursday,11895,8.350000381,2609,55,20,253,1112,NULL,NULL
2022484408,06-05-2016,Friday,10227,7.179999828,2498,24,17,295,1104,NULL,NULL
2022484408,07-05-2016,Saturday,6708,4.710000038,1995,20,2,149,1269,NULL,NULL
2022484408,08-05-2016,Sunday,3292,2.309999943,1848,0,0,135,1305,NULL,NULL
2022484408,09-05-2016,Monday,13379,9.390000343,2709,35,47,297,1061,NULL,NULL
2022484408,10-05-2016,Tuesday,12798,8.979999542,2797,57,28,271,1084,NULL,NULL
2022484408,11-05-2016,Wednesday,13272,9.319999695,2544,58,25,224,1133,NULL,NULL
2022484408,12-05-2016,Thursday,9117,6.409999847,1853,16,16,236,728,NULL,NULL
2026352035,12-04-2016,Tuesday,4414,2.74000001,1459,3,8,181,706,NULL,NULL
2026352035,13-04-2016,Wednesday,4993,3.099999905,1521,0,0,238,663,531,565
2026352035,14-04-2016,Thursday,3335,2.069999933,1431,0,0,197,653,545,568
2026352035,15-04-2016,Friday,3821,2.369999886,1444,0,0,188,687,523,573
2026352035,16-04-2016,Saturday,2547,1.580000043,1373,0,0,150,728,524,567
2026352035,17-04-2016,Sunday,838,0.519999981,1214,0,0,60,1053,437,498
2026352035,18-04-2016,Monday,3325,2.059999943,1419,0,0,182,1062,NULL,NULL
2026352035,19-04-2016,Tuesday,2424,1.5,1356,0,0,141,785,498,540
2026352035,20-04-2016,Wednesday,7222,4.480000019,1667,0,0,327,623,461,510
2026352035,21-04-2016,Thursday,2467,1.529999971,1370,0,0,153,749,477,514
2026352035,22-04-2016,Friday,2915,1.809999943,1399,0,0,162,712,520,545
2026352035,23-04-2016,Saturday,12357,7.710000038,1916,0,0,432,458,522,554
2026352035,24-04-2016,Sunday,3490,2.160000086,1401,0,0,164,704,555,591
2026352035,25-04-2016,Monday,6017,3.730000019,1576,0,0,260,821,506,531
2026352035,26-04-2016,Tuesday,5933,3.680000067,1595,0,0,288,1018,NULL,NULL
2026352035,27-04-2016,Wednesday,6088,3.769999981,1593,0,0,286,586,508,545
2026352035,28-04-2016,Thursday,6375,3.950000048,1649,0,0,331,626,513,545
2026352035,29-04-2016,Friday,7604,4.710000038,1692,0,0,352,492,490,510
2026352035,30-04-2016,Saturday,4729,2.930000067,1506,0,0,233,594,573,607
2026352035,01-05-2016,Sunday,3609,2.279999971,1447,0,0,191,716,NULL,NULL
2026352035,02-05-2016,Monday,7018,4.349999905,1690,0,0,355,716,NULL,NULL
2026352035,03-05-2016,Tuesday,5992,3.720000029,1604,0,0,304,981,NULL,NULL
2026352035,04-05-2016,Wednesday,6564,4.070000172,1658,0,0,345,530,NULL,NULL
2026352035,05-05-2016,Thursday,12167,7.539999962,1926,0,0,475,479,468,485
2026352035,06-05-2016,Friday,8198,5.079999924,1736,0,0,383,511,NULL,NULL
2026352035,07-05-2016,Saturday,4193,2.599999905,1491,0,0,229,665,NULL,NULL
2026352035,08-05-2016,Sunday,5528,3.450000048,1555,0,0,258,610,NULL,NULL
2026352035,09-05-2016,Monday,10685,6.619999886,1869,0,0,401,543,NULL,NULL
2026352035,10-05-2016,Tuesday,254,0.159999996,1141,0,0,17,1002,NULL,NULL
2026352035,11-05-2016,Wednesday,8580,5.320000172,1698,0,0,330,569,NULL,NULL
2026352035,12-05-2016,Thursday,8891,5.510000229,1364,0,0,343,330,NULL,NULL
2320127002,12-04-2016,Tuesday,10725,7.489999771,2124,13,9,306,1112,NULL,NULL
2320127002,13-04-2016,Wednesday,7275,4.900000095,2003,0,0,335,1105,NULL,NULL
2320127002,14-04-2016,Thursday,3973,2.680000067,1696,0,0,191,1249,NULL,NULL
2320127002,15-04-2016,Friday,5205,3.50999999,1801,0,0,245,1195,NULL,NULL
2320127002,16-04-2016,Saturday,5057,3.410000086,1724,0,0,195,1245,NULL,NULL
2320127002,17-04-2016,Sunday,6198,4.179999828,1852,0,0,249,1191,NULL,NULL
2320127002,18-04-2016,Monday,6559,4.420000076,1905,0,7,260,1173,NULL,NULL
2320127002,19-04-2016,Tuesday,5997,4.039999962,1811,0,11,228,1201,NULL,NULL
2320127002,20-04-2016,Wednesday,7192,4.849999905,1922,0,11,283,1146,NULL,NULL
2320127002,21-04-2016,Thursday,3404,2.289999962,1610,1,10,127,1302,NULL,NULL
2320127002,22-04-2016,Friday,5583,3.75999999,1851,0,0,266,1174,NULL,NULL
2320127002,23-04-2016,Saturday,5079,3.420000076,1804,0,0,242,1129,61,69
2320127002,24-04-2016,Sunday,4165,2.809999943,1725,0,0,204,1236,NULL,NULL
2320127002,25-04-2016,Monday,3588,2.420000076,1654,3,5,152,1280,NULL,NULL
2320127002,26-04-2016,Tuesday,3409,2.299999952,1632,0,0,147,1293,NULL,NULL
2320127002,27-04-2016,Wednesday,1715,1.159999967,1481,0,0,82,1358,NULL,NULL
2320127002,28-04-2016,Thursday,1532,1.029999971,1473,0,0,76,1364,NULL,NULL
2320127002,29-04-2016,Friday,924,0.620000005,1410,0,0,45,1395,NULL,NULL
2320127002,30-04-2016,Saturday,4571,3.079999924,1779,0,0,234,1206,NULL,NULL
2320127002,01-05-2016,Sunday,772,0.519999981,1403,0,0,40,1400,NULL,NULL
2320127002,02-05-2016,Monday,3634,2.450000048,1613,5,6,123,1306,NULL,NULL
2320127002,03-05-2016,Tuesday,7443,5.019999981,1878,20,10,206,1204,NULL,NULL
2320127002,04-05-2016,Wednesday,1201,0.810000002,1426,0,0,52,1388,NULL,NULL
2320127002,05-05-2016,Thursday,5202,3.50999999,1780,0,11,223,1206,NULL,NULL
2320127002,06-05-2016,Friday,4878,3.289999962,1742,0,0,204,1236,NULL,NULL
2320127002,07-05-2016,Saturday,7379,4.96999979,1972,0,0,319,1121,NULL,NULL
2320127002,08-05-2016,Sunday,5161,3.480000019,1821,0,0,247,1193,NULL,NULL
2320127002,09-05-2016,Monday,3090,2.079999924,1630,0,0,145,1295,NULL,NULL
2320127002,10-05-2016,Tuesday,6227,4.199999809,1899,0,0,290,1150,NULL,NULL
2320127002,11-05-2016,Wednesday,6424,4.329999924,1903,0,0,300,1140,NULL,NULL
2320127002,12-05-2016,Thursday,2661,1.789999962,1125,0,0,128,830,NULL,NULL
2347167796,12-04-2016,Tuesday,10113,6.829999924,2344,28,13,320,964,NULL,NULL
2347167796,13-04-2016,Wednesday,10352,7.010000229,2038,19,32,195,676,467,531
2347167796,14-04-2016,Thursday,10129,6.699999809,2010,1,48,206,705,445,489
2347167796,15-04-2016,Friday,10465,6.920000076,2133,1,24,284,720,452,504
2347167796,16-04-2016,Saturday,22244,15.07999992,2670,66,72,268,968,NULL,NULL
2347167796,17-04-2016,Sunday,5472,3.619999886,1882,1,7,249,508,556,602
2347167796,18-04-2016,Monday,8247,5.449999809,1944,11,16,206,678,500,557
2347167796,19-04-2016,Tuesday,6711,4.440000057,2346,0,7,382,648,465,514
2347167796,20-04-2016,Wednesday,10999,7.269999981,2198,11,43,269,1011,NULL,NULL
2347167796,21-04-2016,Thursday,10080,6.75,2048,23,26,208,761,460,484
2347167796,22-04-2016,Friday,7804,5.159999847,1946,9,27,206,781,405,461
2347167796,23-04-2016,Saturday,16901,11.36999989,2629,32,35,360,591,374,386
2347167796,24-04-2016,Sunday,9471,6.260000229,2187,0,0,360,584,442,459
2347167796,25-04-2016,Monday,9482,6.380000114,2095,15,11,277,653,433,471
2347167796,26-04-2016,Tuesday,5980,3.950000048,1861,0,0,227,732,436,490
2347167796,27-04-2016,Wednesday,11423,7.579999924,2194,26,9,295,623,448,499
2347167796,28-04-2016,Thursday,5439,3.599999905,1854,0,0,229,764,408,450
2347167796,29-04-2016,Friday,42,0.029999999,403,0,0,4,2,411,473
2873212765,12-04-2016,Tuesday,8796,5.909999847,1982,2,21,356,1061,NULL,NULL
2873212765,13-04-2016,Wednesday,7618,5.119999886,2004,0,8,404,1028,NULL,NULL
2873212765,14-04-2016,Thursday,7910,5.320000172,1893,0,0,331,1109,NULL,NULL
2873212765,15-04-2016,Friday,8482,5.699999809,2063,0,0,448,992,NULL,NULL
2873212765,16-04-2016,Saturday,9685,6.650000095,2148,47,1,305,1087,NULL,NULL
2873212765,17-04-2016,Sunday,2524,1.700000048,1529,0,8,160,1272,NULL,NULL
2873212765,18-04-2016,Monday,7762,5.239999771,1890,1,6,311,1122,NULL,NULL
2873212765,19-04-2016,Tuesday,7948,5.369999886,1956,0,0,389,1051,NULL,NULL
2873212765,20-04-2016,Wednesday,9202,6.300000191,2094,22,5,378,1035,NULL,NULL
2873212765,21-04-2016,Thursday,8859,5.980000019,1970,2,10,371,1057,NULL,NULL
2873212765,22-04-2016,Friday,7286,4.900000095,2241,46,0,366,1028,NULL,NULL
2873212765,23-04-2016,Saturday,9317,6.349999905,2021,28,5,330,1077,NULL,NULL
2873212765,24-04-2016,Sunday,6873,4.679999828,1898,46,1,190,1203,NULL,NULL
2873212765,25-04-2016,Monday,7373,4.949999809,1907,0,0,359,1081,NULL,NULL
2873212765,26-04-2016,Tuesday,8242,5.539999962,1882,2,5,309,1124,NULL,NULL
2873212765,27-04-2016,Wednesday,3516,2.359999895,1966,46,0,197,1197,NULL,NULL
2873212765,28-04-2016,Thursday,7913,5.409999847,1835,28,7,213,1192,NULL,NULL
2873212765,29-04-2016,Friday,7365,4.949999809,1780,20,23,206,1191,NULL,NULL
2873212765,30-04-2016,Saturday,8452,5.679999828,1830,5,20,248,1167,NULL,NULL
2873212765,01-05-2016,Sunday,7399,4.96999979,1739,7,18,196,1219,NULL,NULL
2873212765,02-05-2016,Monday,7525,5.059999943,1878,0,7,334,1099,NULL,NULL
2873212765,03-05-2016,Tuesday,7412,4.980000019,1906,1,6,363,1070,NULL,NULL
2873212765,04-05-2016,Wednesday,8278,5.559999943,2015,0,0,420,1020,NULL,NULL
2873212765,05-05-2016,Thursday,8314,5.610000134,1971,13,23,311,1093,NULL,NULL
2873212765,06-05-2016,Friday,7063,4.75,1910,0,5,370,1065,NULL,NULL
2873212765,07-05-2016,Saturday,4940,3.380000114,1897,75,11,52,1302,NULL,NULL
2873212765,08-05-2016,Sunday,8168,5.539999962,2096,46,0,326,1068,NULL,NULL
2873212765,09-05-2016,Monday,7726,5.190000057,1906,0,0,345,1095,NULL,NULL
2873212765,10-05-2016,Tuesday,8275,5.559999943,1962,0,0,373,1067,NULL,NULL
2873212765,11-05-2016,Wednesday,6440,4.329999924,1826,0,0,319,1121,NULL,NULL
2873212765,12-05-2016,Thursday,7566,5.110000134,1431,0,0,268,720,NULL,NULL
3372868164,12-04-2016,Tuesday,4747,3.24000001,1788,0,0,280,1160,NULL,NULL
3372868164,13-04-2016,Wednesday,9715,6.630000114,2093,16,8,371,1045,NULL,NULL
3372868164,14-04-2016,Thursday,8844,6.03000021,2065,6,25,370,1039,NULL,NULL
3372868164,15-04-2016,Friday,7451,5.079999924,1908,0,0,335,1105,NULL,NULL
3372868164,16-04-2016,Saturday,6905,4.730000019,1908,0,0,356,1084,NULL,NULL
3372868164,17-04-2016,Sunday,8199,5.880000114,1964,11,2,322,1105,NULL,NULL
3372868164,18-04-2016,Monday,6798,4.639999866,2014,20,7,343,1070,NULL,NULL
3372868164,19-04-2016,Tuesday,7711,5.260000229,1985,0,0,376,1064,NULL,NULL
3372868164,20-04-2016,Wednesday,4880,3.329999924,1867,15,3,274,1148,NULL,NULL
3372868164,21-04-2016,Thursday,8857,6.070000172,2124,18,9,376,1037,NULL,NULL
3372868164,22-04-2016,Friday,3843,2.619999886,1669,0,0,206,1234,NULL,NULL
3372868164,23-04-2016,Saturday,7396,5.070000172,1995,20,2,303,1115,NULL,NULL
3372868164,24-04-2016,Sunday,6731,4.590000153,1921,14,7,292,1127,NULL,NULL
3372868164,25-04-2016,Monday,5995,4.090000153,2010,0,0,416,1024,NULL,NULL
3372868164,26-04-2016,Tuesday,8283,5.789999962,2057,22,2,333,1083,NULL,NULL
3372868164,27-04-2016,Wednesday,7904,5.420000076,2095,24,13,346,1057,NULL,NULL
3372868164,28-04-2016,Thursday,5512,3.75999999,1972,0,0,385,1055,NULL,NULL
3372868164,29-04-2016,Friday,9135,6.230000019,2044,0,0,402,1038,NULL,NULL
3372868164,30-04-2016,Saturday,5250,3.579999924,1946,17,4,300,1119,NULL,NULL
3372868164,01-05-2016,Sunday,3077,2.099999905,1237,0,0,172,842,NULL,NULL
3977333714,12-04-2016,Tuesday,8856,5.980000019,1450,44,19,131,777,NULL,NULL
3977333714,13-04-2016,Wednesday,10035,6.710000038,1495,31,46,153,754,295,456
3977333714,14-04-2016,Thursday,7641,5.110000134,1433,5,23,214,801,291,397
3977333714,15-04-2016,Friday,9010,6.059999943,1468,15,42,183,644,424,556
3977333714,16-04-2016,Saturday,13459,9,1625,31,83,153,663,283,510
3977333714,17-04-2016,Sunday,10415,6.96999979,1529,11,58,205,600,381,566
3977333714,18-04-2016,Monday,11663,7.800000191,1584,4,95,214,605,412,522
3977333714,19-04-2016,Tuesday,12414,8.779999733,1638,19,67,221,738,219,395
3977333714,20-04-2016,Wednesday,11658,7.829999924,1554,2,98,164,845,152,305
3977333714,21-04-2016,Thursday,6093,4.079999924,1397,0,0,242,712,332,512
3977333714,22-04-2016,Friday,8911,5.960000038,1481,33,12,188,731,355,476
3977333714,23-04-2016,Saturday,12058,8.069999695,1638,0,92,252,724,235,372
3977333714,24-04-2016,Sunday,14112,10,1655,30,95,129,660,310,526
3977333714,25-04-2016,Monday,11177,8.479999542,1570,50,9,133,781,262,467
3977333714,26-04-2016,Tuesday,11388,7.619999886,1551,7,95,170,797,250,371
3977333714,27-04-2016,Wednesday,7193,5.039999962,1377,0,10,176,714,349,540
3977333714,28-04-2016,Thursday,7114,4.880000114,1407,15,8,190,804,261,423
3977333714,29-04-2016,Friday,10645,7.75,1545,36,32,150,744,333,478
3977333714,30-04-2016,Saturday,13238,9.199999809,1650,43,52,194,687,237,382
3977333714,01-05-2016,Sunday,10414,7.070000172,1501,41,40,124,691,NULL,NULL
3977333714,02-05-2016,Monday,16520,11.05000019,1760,24,143,176,713,NULL,NULL
3977333714,03-05-2016,Tuesday,14335,9.590000153,1710,47,41,258,594,NULL,NULL
3977333714,04-05-2016,Wednesday,13559,9.43999958,1628,14,96,142,852,NULL,NULL
3977333714,05-05-2016,Thursday,12312,8.579999924,1618,14,88,178,680,318,480
3977333714,06-05-2016,Friday,11677,8.279999733,1590,29,55,168,676,NULL,NULL
3977333714,07-05-2016,Saturday,11550,7.730000019,1574,0,86,208,703,NULL,NULL
3977333714,08-05-2016,Sunday,13585,9.090000153,1633,9,116,171,688,NULL,NULL
3977333714,09-05-2016,Monday,14687,10.07999992,1667,8,122,151,1159,NULL,NULL
3977333714,10-05-2016,Tuesday,13072,8.779999733,1630,1,115,196,676,NULL,NULL
3977333714,11-05-2016,Wednesday,746,0.5,52,4,0,9,13,NULL,NULL
4020332650,12-04-2016,Tuesday,8539,6.119999886,3654,4,15,331,712,NULL,NULL
4020332650,13-04-2016,Wednesday,0,0,1981,0,0,0,1440,NULL,NULL
4020332650,14-04-2016,Thursday,108,0.079999998,2011,0,0,3,1437,NULL,NULL
4020332650,15-04-2016,Friday,1882,1.350000024,2951,36,18,87,1299,NULL,NULL
4020332650,16-04-2016,Saturday,1982,1.419999957,3051,65,21,55,1222,77,77
4020332650,17-04-2016,Sunday,16,0.01,1990,0,0,2,1438,NULL,NULL
4020332650,18-04-2016,Monday,62,0.039999999,1995,0,0,2,1438,NULL,NULL
4020332650,19-04-2016,Tuesday,0,0,1980,0,0,0,1440,NULL,NULL
4020332650,20-04-2016,Wednesday,0,0,1980,0,0,0,1440,NULL,NULL
4020332650,21-04-2016,Thursday,0,0,1980,0,0,0,1440,NULL,NULL
4020332650,22-04-2016,Friday,0,0,1980,0,0,0,1440,NULL,NULL
4020332650,23-04-2016,Saturday,0,0,1980,0,0,0,1440,NULL,NULL
4020332650,24-04-2016,Sunday,0,0,1980,0,0,0,1440,NULL,NULL
4020332650,25-04-2016,Monday,0,0,1980,0,0,0,1440,NULL,NULL
4020332650,26-04-2016,Tuesday,0,0,1980,0,0,0,1440,NULL,NULL
4020332650,27-04-2016,Wednesday,0,0,1980,0,0,0,1440,NULL,NULL
4020332650,28-04-2016,Thursday,0,0,1980,0,0,0,1440,NULL,NULL
4020332650,29-04-2016,Friday,0,0,1980,0,0,0,1440,NULL,NULL
4020332650,30-04-2016,Saturday,0,0,1980,0,0,0,1440,NULL,NULL
4020332650,01-05-2016,Sunday,0,0,1980,0,0,0,1440,NULL,NULL
4020332650,02-05-2016,Monday,475,0.340000004,2207,0,11,31,1350,NULL,NULL
4020332650,03-05-2016,Tuesday,4496,3.220000029,2828,0,0,174,950,NULL,NULL
4020332650,04-05-2016,Wednesday,10252,7.349999905,3879,13,46,346,531,NULL,NULL
4020332650,05-05-2016,Thursday,11728,8.430000305,3429,38,42,196,916,226,248
4020332650,06-05-2016,Friday,4369,3.130000114,2704,0,0,177,855,NULL,NULL
4020332650,07-05-2016,Saturday,6132,4.400000095,2975,0,0,184,1256,NULL,NULL
4020332650,08-05-2016,Sunday,5862,4.199999809,3089,0,0,263,775,NULL,NULL
4020332650,09-05-2016,Monday,4556,3.269999981,2785,3,5,173,1225,NULL,NULL
4020332650,10-05-2016,Tuesday,5546,3.980000019,2926,0,0,206,774,NULL,NULL
4020332650,11-05-2016,Wednesday,3689,2.650000095,2645,2,8,134,1296,NULL,NULL
4020332650,12-05-2016,Thursday,590,0.419999987,1120,0,0,21,721,NULL,NULL
4057192912,12-04-2016,Tuesday,5394,4.03000021,2286,0,0,164,1276,NULL,NULL
4057192912,13-04-2016,Wednesday,5974,4.46999979,2306,0,0,160,1280,NULL,NULL
4057192912,14-04-2016,Thursday,0,0,1776,0,0,0,1440,NULL,NULL
4057192912,15-04-2016,Friday,3984,2.950000048,1527,3,6,88,873,NULL,NULL
4319703577,12-04-2016,Tuesday,7753,5.199999809,2115,0,0,0,1440,NULL,NULL
4319703577,13-04-2016,Wednesday,8204,5.5,2135,8,15,96,1234,NULL,NULL
4319703577,14-04-2016,Thursday,10210,6.880000114,2302,1,9,339,589,535,557
4319703577,15-04-2016,Friday,5664,3.799999952,1985,0,0,228,752,465,491
4319703577,16-04-2016,Saturday,4744,3.180000067,1884,0,0,194,724,506,522
4319703577,17-04-2016,Sunday,29,0.02,1464,0,0,3,1363,NULL,NULL
4319703577,18-04-2016,Monday,2276,1.549999952,1632,1,9,58,824,515,551
4319703577,19-04-2016,Tuesday,8925,5.989999771,2200,0,0,311,604,461,498
4319703577,20-04-2016,Wednesday,8954,6.010000229,2220,0,18,306,671,523,543
4319703577,21-04-2016,Thursday,3702,2.480000019,1792,0,0,34,1265,59,65
4319703577,22-04-2016,Friday,4500,3.019999981,1886,1,19,176,709,533,550
4319703577,23-04-2016,Saturday,4935,3.309999943,1945,0,0,233,546,692,722
4319703577,24-04-2016,Sunday,4081,2.74000001,1880,1,5,191,692,467,501
4319703577,25-04-2016,Monday,9259,6.210000038,2314,0,8,390,544,488,506
4319703577,26-04-2016,Tuesday,9899,6.639999866,2236,8,21,288,649,505,516
4319703577,27-04-2016,Wednesday,10780,7.230000019,2324,6,47,300,680,286,307
4319703577,28-04-2016,Thursday,10817,7.28000021,2367,13,8,359,552,497,522
4319703577,29-04-2016,Friday,7990,5.360000134,2175,6,18,289,624,523,546
4319703577,30-04-2016,Saturday,8221,5.519999981,2092,6,38,196,695,490,516
4319703577,01-05-2016,Sunday,1251,0.839999974,1593,0,0,67,836,NULL,NULL
4319703577,02-05-2016,Monday,9261,6.239999771,2270,0,11,344,585,NULL,NULL
4319703577,03-05-2016,Tuesday,9648,6.46999979,2235,8,26,287,669,NULL,NULL
4319703577,04-05-2016,Wednesday,10429,7.019999981,2282,8,13,313,1106,NULL,NULL
4319703577,05-05-2016,Thursday,13658,9.489999771,2530,27,34,328,957,NULL,NULL
4319703577,06-05-2016,Friday,9524,6.420000076,2266,6,11,314,692,NULL,NULL
4319703577,07-05-2016,Saturday,7937,5.329999924,2158,3,28,279,586,NULL,NULL
4319703577,08-05-2016,Sunday,3672,2.460000038,1792,0,0,153,603,NULL,NULL
4319703577,09-05-2016,Monday,10378,6.960000038,2345,2,14,374,490,NULL,NULL
4319703577,10-05-2016,Tuesday,9487,6.369999886,2260,3,12,329,555,NULL,NULL
4319703577,11-05-2016,Wednesday,9129,6.130000114,2232,3,18,311,574,NULL,NULL
4319703577,12-05-2016,Thursday,17,0.01,257,0,0,2,0,NULL,NULL
4388161847,12-04-2016,Tuesday,10122,7.78000021,2955,0,0,0,1440,NULL,NULL
4388161847,13-04-2016,Wednesday,10993,8.449999809,3092,1,14,150,1275,NULL,NULL
4388161847,14-04-2016,Thursday,8863,6.820000172,2998,10,35,219,945,NULL,NULL
4388161847,15-04-2016,Friday,8758,6.730000019,3066,0,0,299,837,499,526
4388161847,16-04-2016,Saturday,6580,5.059999943,3073,6,9,253,609,426,448
4388161847,17-04-2016,Sunday,4660,3.579999924,2572,0,0,201,721,619,641
4388161847,18-04-2016,Monday,11009,9.100000381,3274,27,8,239,1017,99,104
4388161847,19-04-2016,Tuesday,10181,7.829999924,3015,20,16,249,704,329,338
4388161847,20-04-2016,Wednesday,10553,8.119999886,3083,19,42,228,696,421,451
4388161847,21-04-2016,Thursday,10055,7.730000019,3069,7,12,272,853,442,458
4388161847,22-04-2016,Friday,12139,9.340000153,3544,77,25,220,945,82,85
4388161847,23-04-2016,Saturday,13236,10.18000031,3306,58,5,215,749,478,501
4388161847,24-04-2016,Sunday,10243,7.880000114,2885,14,8,239,584,552,595
4388161847,25-04-2016,Monday,12961,9.970000267,3288,11,31,301,1054,NULL,NULL
4388161847,26-04-2016,Tuesday,9461,7.28000021,2929,14,23,224,673,319,346
4388161847,27-04-2016,Wednesday,11193,8.609999657,3074,11,48,241,684,439,500
4388161847,28-04-2016,Thursday,10074,7.75,2969,19,9,234,878,428,458
4388161847,29-04-2016,Friday,9232,7.099999905,2979,13,16,236,1175,NULL,NULL
4388161847,30-04-2016,Saturday,12533,9.640000343,3283,14,43,300,537,409,430
4388161847,01-05-2016,Sunday,10255,7.889999866,2926,12,15,241,579,NULL,NULL
4388161847,02-05-2016,Monday,10096,8.399999619,3147,33,4,204,935,NULL,NULL
4388161847,03-05-2016,Tuesday,12727,9.789999962,3290,18,18,306,984,NULL,NULL
4388161847,04-05-2016,Wednesday,12375,9.520000458,3162,35,21,251,632,NULL,NULL
4388161847,05-05-2016,Thursday,9603,7.380000114,2899,12,39,199,896,471,495
4388161847,05-05-2016,Thursday,9603,7.380000114,2899,12,39,199,896,471,495
4388161847,06-05-2016,Friday,13175,10.13000011,3425,33,45,262,1100,NULL,NULL
4388161847,07-05-2016,Saturday,22770,17.54000092,4022,120,56,260,508,NULL,NULL
4388161847,08-05-2016,Sunday,17298,14.38000011,3934,107,38,178,576,NULL,NULL
4388161847,09-05-2016,Monday,10218,7.860000134,3013,6,19,258,1020,NULL,NULL
4388161847,10-05-2016,Tuesday,10299,7.920000076,3061,13,14,267,648,NULL,NULL
4388161847,11-05-2016,Wednesday,10201,7.840000153,2954,8,18,256,858,NULL,NULL
4388161847,12-05-2016,Thursday,3369,2.589999914,1623,0,0,108,825,NULL,NULL
4445114986,12-04-2016,Tuesday,3276,2.200000048,2113,0,0,196,787,NULL,NULL
4445114986,13-04-2016,Wednesday,2961,1.99000001,2095,0,0,194,840,370,406
4445114986,14-04-2016,Thursday,3974,2.670000076,2194,0,0,231,717,441,492
4445114986,15-04-2016,Friday,7198,4.829999924,2496,0,0,350,711,337,379
4445114986,16-04-2016,Saturday,3945,2.650000095,2180,0,0,225,716,462,499
4445114986,17-04-2016,Sunday,2268,1.519999981,1933,0,0,114,1219,98,107
4445114986,18-04-2016,Monday,6155,4.239999771,2248,25,6,162,1247,NULL,NULL
4445114986,19-04-2016,Tuesday,2064,1.389999986,1954,0,0,121,895,388,424
4445114986,20-04-2016,Wednesday,2072,1.389999986,1974,0,0,137,841,439,462
4445114986,21-04-2016,Thursday,3809,2.559999943,2150,0,0,215,756,436,469
4445114986,22-04-2016,Friday,6831,4.579999924,2432,0,0,317,706,388,417
4445114986,23-04-2016,Saturday,4363,2.930000067,2149,0,0,201,1239,NULL,NULL
4445114986,24-04-2016,Sunday,5002,3.359999895,2247,0,0,244,1196,NULL,NULL
4445114986,25-04-2016,Monday,3385,2.269999981,2070,0,0,179,916,328,345
4445114986,26-04-2016,Tuesday,6326,4.409999847,2291,29,1,180,839,353,391
4445114986,27-04-2016,Wednesday,7243,5.03000021,2361,32,1,194,839,332,374
4445114986,28-04-2016,Thursday,4493,3.00999999,2203,0,0,236,762,419,442
4445114986,29-04-2016,Friday,4676,3.140000105,2196,0,0,226,1106,106,108
4445114986,30-04-2016,Saturday,6222,4.179999828,2363,0,0,290,797,322,353
4445114986,01-05-2016,Sunday,5232,3.50999999,2246,0,0,240,741,NULL,NULL
4445114986,02-05-2016,Monday,6910,4.75,2336,27,4,200,667,NULL,NULL
4445114986,03-05-2016,Tuesday,7502,5.179999828,2421,30,2,233,725,NULL,NULL
4445114986,04-05-2016,Wednesday,2923,1.960000038,2070,0,0,180,897,NULL,NULL
4445114986,05-05-2016,Thursday,3800,2.549999952,2120,2,6,185,734,462,513
4445114986,06-05-2016,Friday,4514,3.029999971,2211,0,0,229,809,NULL,NULL
4445114986,07-05-2016,Saturday,5183,3.589999914,2123,26,4,108,866,NULL,NULL
4445114986,08-05-2016,Sunday,7303,4.900000095,2423,0,8,308,733,NULL,NULL
4445114986,09-05-2016,Monday,5275,3.539999962,2281,0,0,266,641,NULL,NULL
4445114986,10-05-2016,Tuesday,3915,2.630000114,2181,0,0,231,783,NULL,NULL
4445114986,11-05-2016,Wednesday,9105,6.110000134,2499,34,22,232,622,NULL,NULL
4445114986,12-05-2016,Thursday,768,0.519999981,1212,0,0,58,380,NULL,NULL
4558609924,12-04-2016,Tuesday,5135,3.390000105,1909,0,0,318,1122,NULL,NULL
4558609924,13-04-2016,Wednesday,4978,3.289999962,1722,19,7,127,1287,NULL,NULL
4558609924,14-04-2016,Thursday,6799,4.489999771,1922,0,0,279,1161,NULL,NULL
4558609924,15-04-2016,Friday,7795,5.150000095,2121,17,30,262,1131,NULL,NULL
4558609924,16-04-2016,Saturday,7289,4.820000172,1997,8,12,308,1112,NULL,NULL
4558609924,17-04-2016,Sunday,9634,6.400000095,2117,7,19,304,1110,NULL,NULL
4558609924,18-04-2016,Monday,8940,5.909999847,2116,14,15,331,1080,NULL,NULL
4558609924,19-04-2016,Tuesday,5401,3.569999933,1876,1,9,248,1182,NULL,NULL
4558609924,20-04-2016,Wednesday,4803,3.170000076,1788,0,0,222,1218,NULL,NULL
4558609924,21-04-2016,Thursday,13743,9.079999924,2486,6,21,432,844,126,137
4558609924,22-04-2016,Friday,9601,6.349999905,2094,20,25,273,1122,NULL,NULL
4558609924,23-04-2016,Saturday,6890,4.550000191,2085,5,5,308,1122,NULL,NULL
4558609924,24-04-2016,Sunday,8563,5.659999847,2173,0,0,395,1045,NULL,NULL
4558609924,25-04-2016,Monday,8095,5.349999905,2225,18,10,340,993,NULL,NULL
4558609924,26-04-2016,Tuesday,9148,6.050000191,2223,12,41,283,1062,103,121
4558609924,27-04-2016,Wednesday,9557,6.320000172,2098,27,14,312,1087,NULL,NULL
4558609924,28-04-2016,Thursday,9451,6.25,2185,1,11,367,985,NULL,NULL
4558609924,29-04-2016,Friday,7833,5.179999828,1918,15,29,197,1096,171,179
4558609924,30-04-2016,Saturday,10319,6.820000172,2105,7,29,293,1111,NULL,NULL
4558609924,01-05-2016,Sunday,3428,2.269999981,1692,0,0,190,1121,NULL,NULL
4558609924,02-05-2016,Monday,7891,5.21999979,2066,0,0,383,1057,NULL,NULL
4558609924,03-05-2016,Tuesday,5267,3.480000019,1953,21,10,237,1172,NULL,NULL
4558609924,04-05-2016,Wednesday,5232,3.460000038,1842,0,0,252,1188,NULL,NULL
4558609924,05-05-2016,Thursday,10611,7.010000229,2262,14,8,370,1048,NULL,NULL
4558609924,06-05-2016,Friday,3755,2.480000019,1722,0,0,202,1238,NULL,NULL
4558609924,07-05-2016,Saturday,8237,5.440000057,1973,23,16,233,1116,NULL,NULL
4558609924,08-05-2016,Sunday,6543,4.329999924,2666,66,35,238,1019,NULL,NULL
4558609924,09-05-2016,Monday,11451,7.570000172,2223,6,30,339,1065,NULL,NULL
4558609924,10-05-2016,Tuesday,6435,4.25,1889,11,18,220,1191,NULL,NULL
4558609924,11-05-2016,Wednesday,9108,6.019999981,2131,4,31,324,1081,NULL,NULL
4558609924,12-05-2016,Thursday,6307,4.170000076,1452,0,0,247,736,NULL,NULL
4702921684,12-04-2016,Tuesday,7213,5.880000114,2947,0,0,263,718,NULL,NULL
4702921684,13-04-2016,Wednesday,6877,5.579999924,2898,0,0,258,777,400,430
4702921684,14-04-2016,Thursday,7860,6.369999886,2984,0,0,271,772,384,415
4702921684,15-04-2016,Friday,6506,5.28000021,2896,1,8,256,944,253,257
4702921684,16-04-2016,Saturday,11140,9.029999733,3328,3,24,335,556,382,406
4702921684,17-04-2016,Sunday,12692,10.28999996,3394,12,66,302,437,591,612
4702921684,18-04-2016,Monday,9105,7.380000114,3013,22,30,191,890,293,312
4702921684,19-04-2016,Tuesday,6708,5.440000057,2812,10,8,179,757,457,487
4702921684,20-04-2016,Wednesday,8793,7.130000114,3061,2,29,260,717,454,468
4702921684,21-04-2016,Thursday,6530,5.300000191,2729,4,41,144,901,425,434
4702921684,22-04-2016,Friday,1664,1.350000024,2241,0,0,72,1341,NULL,NULL
4702921684,23-04-2016,Saturday,15126,12.27000046,3691,9,66,408,469,465,475
4702921684,24-04-2016,Sunday,15050,12.22000027,3538,15,95,281,542,480,506
4702921684,25-04-2016,Monday,9167,7.429999828,3064,6,15,270,730,370,380
4702921684,26-04-2016,Tuesday,6108,4.949999809,2784,1,8,216,765,421,429
4702921684,27-04-2016,Wednesday,7047,5.71999979,2908,1,16,238,733,432,449
4702921684,28-04-2016,Thursday,9023,7.320000172,3033,14,9,232,738,442,461
4702921684,29-04-2016,Friday,9930,8.050000191,3165,12,19,267,692,433,447
4702921684,30-04-2016,Saturday,10144,8.229999542,3115,4,36,263,728,479,501
4702921684,01-05-2016,Sunday,0,0,2017,0,0,0,1440,NULL,NULL
4702921684,02-05-2016,Monday,7245,5.920000076,2859,5,40,195,1131,NULL,NULL
4702921684,03-05-2016,Tuesday,9454,7.670000076,3145,0,0,313,729,NULL,NULL
4702921684,04-05-2016,Wednesday,8161,6.619999886,3004,4,15,251,757,NULL,NULL
4702921684,05-05-2016,Thursday,8614,6.989999771,3006,8,5,241,745,414,428
4702921684,06-05-2016,Friday,6943,5.630000114,2859,1,16,207,682,NULL,NULL
4702921684,07-05-2016,Saturday,14370,11.64999962,3683,5,46,439,577,NULL,NULL
4702921684,08-05-2016,Sunday,12857,10.43000031,3287,9,125,192,1019,NULL,NULL
4702921684,09-05-2016,Monday,8232,6.679999828,2990,0,12,253,746,NULL,NULL
4702921684,10-05-2016,Tuesday,10613,8.609999657,3172,1,37,262,701,NULL,NULL
4702921684,11-05-2016,Wednesday,9810,7.960000038,3069,10,41,235,784,NULL,NULL
4702921684,12-05-2016,Thursday,2752,2.230000019,1240,0,0,68,241,NULL,NULL
5553957443,12-04-2016,Tuesday,11596,7.570000172,2026,19,13,277,767,NULL,NULL
5553957443,13-04-2016,Wednesday,4832,3.160000086,1718,0,0,226,647,455,488
5553957443,14-04-2016,Thursday,17022,11.11999989,2324,61,41,256,693,357,418
5553957443,15-04-2016,Friday,16556,10.85999966,2254,58,38,239,689,377,409
5553957443,16-04-2016,Saturday,5771,3.769999981,1831,0,0,288,521,651,686
5553957443,17-04-2016,Sunday,655,0.430000007,1397,0,0,46,943,350,402
5553957443,18-04-2016,Monday,3727,2.430000067,1683,0,0,206,622,520,541
5553957443,19-04-2016,Tuesday,15482,10.10999966,2284,69,28,249,756,357,410
5553957443,20-04-2016,Wednesday,2713,1.769999981,1570,0,0,148,598,658,678
5553957443,21-04-2016,Thursday,12346,8.06000042,2066,47,42,177,801,399,431
5553957443,22-04-2016,Friday,11682,7.630000114,2105,25,16,270,781,322,353
5553957443,23-04-2016,Saturday,4112,2.690000057,1776,0,0,272,443,631,725
5553957443,24-04-2016,Sunday,1807,1.179999948,1507,0,0,104,582,553,640
5553957443,25-04-2016,Monday,10946,7.190000057,2033,51,11,201,732,433,468
5553957443,26-04-2016,Tuesday,11886,7.760000229,2093,40,18,238,750,412,453
5553957443,27-04-2016,Wednesday,10538,6.880000114,1922,16,16,206,745,347,391
5553957443,28-04-2016,Thursday,11393,7.630000114,1999,49,13,165,727,421,457
5553957443,29-04-2016,Friday,12764,8.329999924,2169,46,15,270,709,450,495
5553957443,30-04-2016,Saturday,1202,0.779999971,1463,0,0,84,506,775,843
5553957443,01-05-2016,Sunday,5164,3.369999886,1747,0,0,237,436,NULL,NULL
5553957443,02-05-2016,Monday,9769,6.380000114,1996,23,9,227,724,NULL,NULL
5553957443,03-05-2016,Tuesday,12848,8.390000343,2116,26,29,247,812,NULL,NULL
5553957443,04-05-2016,Wednesday,4249,2.769999981,1698,0,0,224,651,NULL,NULL
5553957443,05-05-2016,Thursday,14331,9.510000229,2156,44,29,241,692,419,464
5553957443,06-05-2016,Friday,9632,6.289999962,1916,21,9,229,761,NULL,NULL
5553957443,07-05-2016,Saturday,1868,1.220000029,1494,0,0,96,902,NULL,NULL
5553957443,08-05-2016,Sunday,6083,4,1762,3,8,210,505,NULL,NULL
5553957443,09-05-2016,Monday,11611,7.579999924,2272,59,22,251,667,NULL,NULL
5553957443,10-05-2016,Tuesday,16358,10.71000004,2335,61,40,265,707,NULL,NULL
5553957443,11-05-2016,Wednesday,4926,3.220000029,1693,0,0,195,628,NULL,NULL
5553957443,12-05-2016,Thursday,3121,2.039999962,741,8,6,48,222,NULL,NULL
5577150313,12-04-2016,Tuesday,8135,6.079999924,3405,86,16,140,728,NULL,NULL
5577150313,13-04-2016,Wednesday,5077,3.789999962,2551,15,11,144,776,432,458
5577150313,14-04-2016,Thursday,8596,6.420000076,4022,118,30,176,662,477,497
5577150313,15-04-2016,Friday,12087,9.079999924,4005,115,54,199,695,392,413
5577150313,16-04-2016,Saturday,14269,10.65999985,4274,184,56,158,472,406,445
5577150313,17-04-2016,Sunday,12231,9.140000343,4552,200,37,159,525,549,583
5577150313,18-04-2016,Monday,9893,7.389999866,3625,114,32,130,623,527,553
5577150313,19-04-2016,Tuesday,12574,9.420000076,3501,108,23,111,733,449,465
5577150313,20-04-2016,Wednesday,8330,6.21999979,3192,87,16,113,773,447,480
5577150313,21-04-2016,Thursday,10830,8.090000153,4018,110,74,175,670,414,437
5577150313,22-04-2016,Friday,9172,6.849999905,3329,62,30,200,823,338,366
5577150313,23-04-2016,Saturday,7638,5.710000038,3152,24,24,223,627,384,402
5577150313,24-04-2016,Sunday,15764,11.77999973,4392,210,65,141,425,543,615
5577150313,25-04-2016,Monday,6393,4.78000021,3374,61,38,214,743,421,461
5577150313,26-04-2016,Tuesday,5325,3.980000019,3088,38,32,181,759,354,377
5577150313,27-04-2016,Wednesday,6805,5.139999866,3294,63,16,190,773,424,452
5577150313,28-04-2016,Thursday,9841,7.429999828,3580,99,51,141,692,361,372
5577150313,29-04-2016,Friday,7924,5.920000076,3544,97,36,165,739,459,485
5577150313,30-04-2016,Saturday,12363,9.239999771,4501,207,45,163,621,412,433
5577150313,01-05-2016,Sunday,13368,9.989999771,4546,194,72,178,499,NULL,NULL
5577150313,02-05-2016,Monday,7439,5.559999943,3014,37,20,235,732,NULL,NULL
5577150313,03-05-2016,Tuesday,11045,8.25,3795,97,8,212,580,NULL,NULL
5577150313,04-05-2016,Wednesday,5206,3.890000105,2755,25,9,141,631,NULL,NULL
5577150313,05-05-2016,Thursday,7550,5.639999866,3004,45,21,143,1153,74,78
5577150313,06-05-2016,Friday,4950,3.700000048,2643,41,16,79,1304,NULL,NULL
5577150313,07-05-2016,Saturday,0,0,1819,0,0,0,1440,NULL,NULL
5577150313,08-05-2016,Sunday,0,0,1819,0,0,0,1440,NULL,NULL
5577150313,09-05-2016,Monday,3421,2.559999943,2489,34,11,70,1099,NULL,NULL
5577150313,10-05-2016,Tuesday,8869,6.650000095,3841,104,37,194,639,NULL,NULL
5577150313,11-05-2016,Wednesday,4038,3.039999962,1665,45,15,63,257,NULL,NULL
6117666160,12-04-2016,Tuesday,0,0,1496,0,0,0,1440,NULL,NULL
6117666160,13-04-2016,Wednesday,0,0,1496,0,0,0,1440,NULL,NULL
6117666160,14-04-2016,Thursday,0,0,1496,0,0,0,1440,NULL,NULL
6117666160,15-04-2016,Friday,14019,10.59000015,2865,0,6,513,921,NULL,NULL
6117666160,16-04-2016,Saturday,14450,10.90999985,2828,7,15,518,502,380,398
6117666160,17-04-2016,Sunday,7150,5.400000095,2225,0,0,312,702,336,350
6117666160,18-04-2016,Monday,5153,3.910000086,2018,0,0,241,759,493,510
6117666160,19-04-2016,Tuesday,11135,8.409999847,2606,0,0,480,425,465,492
6117666160,20-04-2016,Wednesday,10449,8.020000458,2536,26,10,349,587,474,502
6117666160,21-04-2016,Thursday,19542,15.01000023,4900,11,19,294,579,508,550
6117666160,22-04-2016,Friday,8206,6.199999809,2409,0,0,402,413,480,546
6117666160,23-04-2016,Saturday,11495,8.680000305,2651,0,0,512,468,492,539
6117666160,24-04-2016,Sunday,7623,5.760000229,2305,0,0,362,711,353,367
6117666160,25-04-2016,Monday,0,0,1497,0,0,0,1440,NULL,NULL
6117666160,26-04-2016,Tuesday,9543,7.210000038,2450,0,7,352,1077,NULL,NULL
6117666160,27-04-2016,Wednesday,9411,7.110000134,2576,0,0,458,417,542,557
6117666160,28-04-2016,Thursday,3403,2.599999905,1879,0,0,141,758,393,416
6117666160,29-04-2016,Friday,9592,7.239999771,2560,0,0,461,479,600,636
6117666160,30-04-2016,Saturday,6987,5.28000021,2275,0,0,343,1040,NULL,NULL
6117666160,01-05-2016,Sunday,8915,6.730000019,2361,0,0,397,525,NULL,NULL
6117666160,02-05-2016,Monday,4933,3.730000019,2044,0,0,236,1204,NULL,NULL
6117666160,03-05-2016,Tuesday,0,0,1496,0,0,0,1440,NULL,NULL
6117666160,04-05-2016,Wednesday,2997,2.25999999,1902,0,0,156,1279,NULL,NULL
6117666160,05-05-2016,Thursday,9799,7.400000095,2636,0,0,487,479,392,415
6117666160,06-05-2016,Friday,3365,2.680000067,1838,0,0,133,673,NULL,NULL
6117666160,07-05-2016,Saturday,7336,5.539999962,2469,0,0,412,456,NULL,NULL
6117666160,08-05-2016,Sunday,7328,5.53000021,2250,0,0,318,517,NULL,NULL
6117666160,09-05-2016,Monday,4477,3.380000114,1248,0,0,197,125,NULL,NULL
6290855005,12-04-2016,Tuesday,4562,3.450000048,2560,0,0,199,1241,NULL,NULL
6290855005,13-04-2016,Wednesday,7142,5.400000095,2905,0,0,350,1090,NULL,NULL
6290855005,14-04-2016,Thursday,7671,5.800000191,2952,0,0,363,1077,NULL,NULL
6290855005,15-04-2016,Friday,9501,7.179999828,2896,0,0,328,1112,NULL,NULL
6290855005,16-04-2016,Saturday,8301,6.28000021,2783,0,0,258,1182,NULL,NULL
6290855005,17-04-2016,Sunday,7851,5.940000057,3171,31,12,225,1172,NULL,NULL
6290855005,18-04-2016,Monday,6885,5.210000038,2766,0,0,271,1169,NULL,NULL
6290855005,19-04-2016,Tuesday,7142,5.400000095,2839,0,0,321,1119,NULL,NULL
6290855005,20-04-2016,Wednesday,6361,4.809999943,2701,0,0,258,1182,NULL,NULL
6290855005,21-04-2016,Thursday,0,0,2060,0,0,0,1440,NULL,NULL
6290855005,22-04-2016,Friday,6238,4.71999979,2796,0,0,302,1138,NULL,NULL
6290855005,23-04-2016,Saturday,0,0,2664,33,0,0,1407,NULL,NULL
6290855005,24-04-2016,Sunday,5896,4.460000038,2703,0,0,258,1182,NULL,NULL
6290855005,25-04-2016,Monday,7802,5.900000095,2771,8,3,249,1180,NULL,NULL
6290855005,26-04-2016,Tuesday,0,0,2060,0,0,0,1440,NULL,NULL
6290855005,27-04-2016,Wednesday,5565,4.210000038,2743,0,0,287,1153,NULL,NULL
6290855005,28-04-2016,Thursday,5731,4.329999924,2687,0,0,255,1185,NULL,NULL
6290855005,29-04-2016,Friday,0,0,2060,0,0,0,1440,NULL,NULL
6290855005,30-04-2016,Saturday,6744,5.099999905,2843,0,0,324,1116,NULL,NULL
6290855005,01-05-2016,Sunday,9837,7.440000057,3327,8,95,282,1055,NULL,NULL
6290855005,02-05-2016,Monday,6781,5.130000114,2725,0,0,268,1172,NULL,NULL
6290855005,03-05-2016,Tuesday,6047,4.570000172,2671,0,0,240,1200,NULL,NULL
6290855005,04-05-2016,Wednesday,5832,4.409999847,2718,0,0,272,1168,NULL,NULL
6290855005,05-05-2016,Thursday,6339,4.789999962,2682,0,0,239,1201,NULL,NULL
6290855005,06-05-2016,Friday,6116,4.619999886,2806,0,0,305,1135,NULL,NULL
6290855005,07-05-2016,Saturday,5510,4.170000076,2613,0,0,227,1213,NULL,NULL
6290855005,08-05-2016,Sunday,7706,5.829999924,2712,0,0,251,1189,NULL,NULL
6290855005,09-05-2016,Monday,6277,4.75,2175,0,0,264,800,NULL,NULL
6290855005,10-05-2016,Tuesday,0,0,0,0,0,0,1440,NULL,NULL
6775888955,12-04-2016,Tuesday,0,0,1841,0,0,0,1440,NULL,NULL
6775888955,13-04-2016,Wednesday,4053,2.910000086,2400,17,18,85,1053,235,260
6775888955,14-04-2016,Thursday,5162,3.700000048,2507,14,24,105,863,423,441
6775888955,15-04-2016,Friday,1282,0.920000017,2127,0,0,58,976,391,406
6775888955,16-04-2016,Saturday,4732,3.390000105,2225,36,18,9,1377,NULL,NULL
6775888955,17-04-2016,Sunday,2497,1.789999962,2067,5,24,19,1392,NULL,NULL
6775888955,18-04-2016,Monday,8294,5.949999809,2798,30,31,146,1233,NULL,NULL
6775888955,19-04-2016,Tuesday,0,0,1841,0,0,0,1440,NULL,NULL
6775888955,20-04-2016,Wednesday,10771,7.71999979,3727,70,113,178,1079,NULL,NULL
6775888955,21-04-2016,Thursday,0,0,1841,0,0,0,1440,NULL,NULL
6775888955,22-04-2016,Friday,637,0.460000008,1922,0,0,20,1420,NULL,NULL
6775888955,23-04-2016,Saturday,0,0,1841,0,0,0,1440,NULL,NULL
6775888955,24-04-2016,Sunday,2153,1.539999962,2053,11,18,11,1400,NULL,NULL
6775888955,25-04-2016,Monday,6474,4.639999866,2484,33,13,92,1302,NULL,NULL
6775888955,26-04-2016,Tuesday,7091,5.269999981,2584,42,30,47,1321,NULL,NULL
6775888955,27-04-2016,Wednesday,0,0,1841,0,0,0,1440,NULL,NULL
6775888955,28-04-2016,Thursday,703,0.5,1993,2,13,15,1410,NULL,NULL
6775888955,29-04-2016,Friday,0,0,1841,0,0,0,1440,NULL,NULL
6775888955,30-04-2016,Saturday,2503,1.789999962,2280,3,9,84,1344,NULL,NULL
6775888955,01-05-2016,Sunday,2487,1.779999971,2319,9,34,50,1347,NULL,NULL
6775888955,02-05-2016,Monday,0,0,1841,0,0,0,1440,NULL,NULL
6775888955,03-05-2016,Tuesday,9,0.01,1843,0,0,1,1439,NULL,NULL
6775888955,04-05-2016,Wednesday,0,0,1841,0,0,0,1440,NULL,NULL
6775888955,05-05-2016,Thursday,0,0,1841,0,0,0,1440,NULL,NULL
6775888955,06-05-2016,Friday,4697,3.369999886,2496,12,35,75,1318,NULL,NULL
6775888955,07-05-2016,Saturday,1967,1.409999967,1032,2,5,49,551,NULL,NULL
6962181067,12-04-2016,Tuesday,10199,6.739999771,1994,50,14,189,796,NULL,NULL
6962181067,13-04-2016,Wednesday,5652,3.74000001,1718,8,24,142,548,630,679
6962181067,14-04-2016,Thursday,1551,1.029999971,1466,0,0,86,862,508,535
6962181067,15-04-2016,Friday,5563,3.680000067,1756,0,0,217,837,370,386
6962181067,16-04-2016,Saturday,13217,8.739999771,2173,50,3,280,741,357,366
6962181067,17-04-2016,Sunday,10145,6.710000038,2027,5,13,295,634,427,446
6962181067,18-04-2016,Monday,11404,7.539999962,2039,13,42,238,689,442,458
6962181067,19-04-2016,Tuesday,10742,7.099999905,2046,35,41,195,659,476,535
6962181067,20-04-2016,Wednesday,13928,9.550000191,2174,48,4,297,639,418,424
6962181067,21-04-2016,Thursday,11835,9.710000038,2179,53,27,214,708,451,457
6962181067,22-04-2016,Friday,10725,7.090000153,2086,30,33,240,659,425,435
6962181067,23-04-2016,Saturday,20031,13.23999977,2571,58,41,347,484,528,546
6962181067,24-04-2016,Sunday,5029,3.319999933,1705,0,0,199,720,511,514
6962181067,25-04-2016,Monday,13239,9.270000458,2194,35,31,282,637,400,415
6962181067,26-04-2016,Tuesday,10433,6.900000095,2012,36,7,254,680,441,446
6962181067,27-04-2016,Wednesday,10320,6.820000172,2034,7,38,279,697,455,467
6962181067,28-04-2016,Thursday,12627,8.350000381,2182,38,8,288,621,440,453
6962181067,29-04-2016,Friday,10762,7.110000134,2254,12,15,369,645,433,447
6962181067,30-04-2016,Saturday,10081,6.659999847,2002,32,16,237,731,422,424
6962181067,01-05-2016,Sunday,5454,3.609999895,1740,0,0,215,722,NULL,NULL
6962181067,02-05-2016,Monday,12912,8.539999962,2162,18,39,313,655,NULL,NULL
6962181067,03-05-2016,Tuesday,12109,8.119999886,2072,21,36,267,654,NULL,NULL
6962181067,04-05-2016,Wednesday,10147,6.710000038,2086,15,36,284,683,NULL,NULL
6962181067,05-05-2016,Thursday,10524,6.960000038,2066,14,22,305,591,467,491
6962181067,06-05-2016,Friday,5908,3.910000086,1850,0,0,299,717,NULL,NULL
6962181067,07-05-2016,Saturday,6815,4.5,1947,0,0,328,745,NULL,NULL
6962181067,08-05-2016,Sunday,4188,2.769999981,1659,0,14,151,709,NULL,NULL
6962181067,09-05-2016,Monday,12342,8.720000267,2105,43,21,231,607,NULL,NULL
6962181067,10-05-2016,Tuesday,15448,10.21000004,2361,62,34,275,626,NULL,NULL
6962181067,11-05-2016,Wednesday,6722,4.440000057,1855,24,7,199,709,NULL,NULL
6962181067,12-05-2016,Thursday,3587,2.369999886,928,0,8,105,127,NULL,NULL
7007744171,12-04-2016,Tuesday,14172,10.28999996,2937,53,8,355,1024,NULL,NULL
7007744171,13-04-2016,Wednesday,12862,9.649999619,2742,56,22,261,1101,NULL,NULL
7007744171,14-04-2016,Thursday,11179,8.239999771,2668,34,6,304,1096,NULL,NULL
7007744171,15-04-2016,Friday,5273,3.529999971,2098,0,0,202,1238,NULL,NULL
7007744171,16-04-2016,Saturday,4631,3.099999905,2076,0,0,203,1155,79,82
7007744171,17-04-2016,Sunday,8059,5.389999866,2383,0,0,305,1135,NULL,NULL
7007744171,18-04-2016,Monday,14816,10.97999954,2832,48,31,284,1077,NULL,NULL
7007744171,19-04-2016,Tuesday,14194,10.47999954,2812,53,17,304,1066,NULL,NULL
7007744171,20-04-2016,Wednesday,15566,11.31000042,3096,60,33,347,1000,NULL,NULL
7007744171,21-04-2016,Thursday,13744,9.18999958,2763,30,34,327,1049,NULL,NULL
7007744171,22-04-2016,Friday,15299,10.23999977,2889,64,50,261,1065,NULL,NULL
7007744171,23-04-2016,Saturday,8093,5.409999847,2284,2,25,223,1190,NULL,NULL
7007744171,24-04-2016,Sunday,11085,7.420000076,2667,0,0,419,1021,NULL,NULL
7007744171,25-04-2016,Monday,18229,13.34000015,3055,51,24,379,986,NULL,NULL
7007744171,26-04-2016,Tuesday,15090,10.10000038,2939,16,22,424,978,NULL,NULL
7007744171,27-04-2016,Wednesday,13541,10.22000027,2830,50,12,337,1041,NULL,NULL
7007744171,28-04-2016,Thursday,15128,10.11999989,2836,16,16,401,1007,NULL,NULL
7007744171,29-04-2016,Friday,20067,14.30000019,3180,55,42,382,961,NULL,NULL
7007744171,30-04-2016,Saturday,3761,2.519999981,2051,0,0,200,1240,NULL,NULL
7007744171,01-05-2016,Sunday,5600,3.75,2225,0,0,237,1142,NULL,NULL
7007744171,02-05-2016,Monday,13041,9.180000305,2642,64,14,250,1112,NULL,NULL
7007744171,03-05-2016,Tuesday,14510,10.86999989,2976,58,31,330,1021,NULL,NULL
7007744171,04-05-2016,Wednesday,0,0,1557,0,0,0,1440,NULL,NULL
7007744171,05-05-2016,Thursday,15010,11.10000038,2933,53,23,317,1047,NULL,NULL
7007744171,06-05-2016,Friday,11459,7.670000076,2553,44,13,247,1136,NULL,NULL
7007744171,07-05-2016,Saturday,0,0,120,0,0,0,111,NULL,NULL
7086361926,12-04-2016,Tuesday,11317,8.409999847,2772,59,6,153,745,NULL,NULL
7086361926,13-04-2016,Wednesday,5813,3.619999886,2516,31,26,155,744,451,465
7086361926,14-04-2016,Thursday,9123,6.119999886,2734,35,32,189,787,472,476
7086361926,15-04-2016,Friday,8585,5.670000076,2395,30,21,139,864,377,386
7086361926,16-04-2016,Saturday,31,0.01,1635,0,0,3,1437,NULL,NULL
7086361926,17-04-2016,Sunday,0,0,1629,0,0,0,1440,NULL,NULL
7086361926,18-04-2016,Monday,9827,6.710000038,2743,61,51,114,1136,NULL,NULL
7086361926,19-04-2016,Tuesday,10688,7.289999962,2944,67,69,124,671,472,483
7086361926,20-04-2016,Wednesday,14365,10.64000034,2997,87,13,145,797,492,502
7086361926,21-04-2016,Thursday,9469,6.179999828,2463,19,6,206,758,390,411
7086361926,22-04-2016,Friday,9753,6.53000021,2846,58,59,153,762,428,448
7086361926,23-04-2016,Saturday,2817,1.809999943,1965,0,0,90,1350,NULL,NULL
7086361926,24-04-2016,Sunday,3520,2.160000086,2049,0,0,125,566,681,704
7086361926,25-04-2016,Monday,10091,6.820000172,2752,69,39,129,706,446,447
7086361926,26-04-2016,Tuesday,10387,7.070000172,2781,70,33,132,726,485,500
7086361926,27-04-2016,Wednesday,11107,8.340000153,2693,55,6,145,829,469,479
7086361926,28-04-2016,Thursday,11584,7.800000191,2862,54,48,161,810,354,367
7086361926,29-04-2016,Friday,7881,4.949999809,2616,24,36,182,1198,NULL,NULL
7086361926,30-04-2016,Saturday,14560,9.409999847,2995,42,17,308,584,485,489
7086361926,01-05-2016,Sunday,12390,8.069999695,2730,30,15,258,685,NULL,NULL
7086361926,02-05-2016,Monday,10052,6.809999943,2754,66,26,139,737,NULL,NULL
7086361926,03-05-2016,Tuesday,10288,6.760000229,2754,57,36,152,761,NULL,NULL
7086361926,04-05-2016,Wednesday,10988,8.31000042,2655,45,12,135,843,NULL,NULL
7086361926,05-05-2016,Thursday,8564,5.599999905,2386,24,14,149,1253,NULL,NULL
7086361926,06-05-2016,Friday,12461,8.380000114,2924,84,35,154,834,NULL,NULL
7086361926,07-05-2016,Saturday,12827,8.479999542,2739,20,42,209,621,NULL,NULL
7086361926,08-05-2016,Sunday,10677,7.099999905,2534,32,27,147,695,NULL,NULL
7086361926,09-05-2016,Monday,13566,9.109999657,2960,67,50,171,743,NULL,NULL
7086361926,10-05-2016,Tuesday,14433,10.78999996,2800,72,23,106,1182,NULL,NULL
7086361926,11-05-2016,Wednesday,9572,6.519999981,2735,57,40,128,757,NULL,NULL
7086361926,12-05-2016,Thursday,3789,2.559999943,1199,5,4,58,343,NULL,NULL
8053475328,12-04-2016,Tuesday,18060,14.11999989,3186,116,8,123,1193,NULL,NULL
8053475328,13-04-2016,Wednesday,16433,13.35000038,3140,95,12,156,1177,NULL,NULL
8053475328,14-04-2016,Thursday,20159,15.97000027,3411,119,5,193,1123,NULL,NULL
8053475328,15-04-2016,Friday,20669,16.23999977,3410,132,8,158,1142,NULL,NULL
8053475328,16-04-2016,Saturday,14549,11.10999966,2867,96,6,83,1255,NULL,NULL
8053475328,17-04-2016,Sunday,18827,13.68999958,3213,111,21,195,1113,NULL,NULL
8053475328,18-04-2016,Monday,17076,12.65999985,3133,102,6,195,1137,NULL,NULL
8053475328,19-04-2016,Tuesday,15929,12.47999954,3114,90,7,191,1152,NULL,NULL
8053475328,20-04-2016,Wednesday,15108,12.18999958,3043,89,5,158,695,486,493
8053475328,21-04-2016,Thursday,16057,12.51000023,3103,100,6,170,1164,NULL,NULL
8053475328,22-04-2016,Friday,10520,8.289999962,2655,60,3,117,1260,NULL,NULL
8053475328,23-04-2016,Saturday,22359,17.19000053,3554,125,14,223,741,331,337
8053475328,24-04-2016,Sunday,22988,17.95000076,3577,129,33,182,1096,NULL,NULL
8053475328,25-04-2016,Monday,20500,15.68999958,3403,118,9,209,1104,NULL,NULL
8053475328,26-04-2016,Tuesday,12685,9.619999886,2846,68,5,185,1182,NULL,NULL
8053475328,27-04-2016,Wednesday,12422,9.819999695,2852,60,10,183,1187,NULL,NULL
8053475328,28-04-2016,Thursday,15447,12.39999962,3062,90,9,153,1188,NULL,NULL
8053475328,29-04-2016,Friday,12315,9.649999619,2794,58,8,159,1215,NULL,NULL
8053475328,30-04-2016,Saturday,7135,5.590000153,2408,27,1,131,1281,NULL,NULL
8053475328,01-05-2016,Sunday,1170,0.850000024,1886,0,0,51,1389,NULL,NULL
8053475328,02-05-2016,Monday,1969,1.429999948,1988,0,0,95,1345,NULL,NULL
8053475328,03-05-2016,Tuesday,15484,11.89999962,3023,87,22,165,1166,NULL,NULL
8053475328,04-05-2016,Wednesday,14581,11.14999962,2918,89,8,123,1220,NULL,NULL
8053475328,05-05-2016,Thursday,14990,11.51000023,2950,93,9,130,1208,NULL,NULL
8053475328,06-05-2016,Friday,13953,11,2859,90,15,90,1245,NULL,NULL
8053475328,07-05-2016,Saturday,19769,15.67000008,3331,121,20,148,1076,NULL,NULL
8053475328,08-05-2016,Sunday,22026,17.64999962,3589,125,14,228,1073,NULL,NULL
8053475328,09-05-2016,Monday,12465,9.380000114,2765,66,12,148,1214,NULL,NULL
8053475328,10-05-2016,Tuesday,14810,11.35999966,2926,96,10,115,1219,NULL,NULL
8053475328,11-05-2016,Wednesday,12209,9.399999619,2809,60,7,184,1189,NULL,NULL
8053475328,12-05-2016,Thursday,4998,3.910000086,1505,28,4,39,839,NULL,NULL
8253242879,12-04-2016,Tuesday,9033,7.159999847,2044,40,2,154,1244,NULL,NULL
8253242879,13-04-2016,Wednesday,8053,6.099999905,1935,35,11,96,1298,NULL,NULL
8253242879,14-04-2016,Thursday,5234,3.460000038,1705,29,16,33,1362,NULL,NULL
8253242879,15-04-2016,Friday,2672,1.769999981,1632,0,0,105,1335,NULL,NULL
8253242879,16-04-2016,Saturday,9256,6.139999866,1880,6,51,115,1268,NULL,NULL
8253242879,17-04-2016,Sunday,10204,7.909999847,2112,41,5,157,1237,NULL,NULL
8253242879,18-04-2016,Monday,5151,3.480000019,1829,16,16,130,1278,NULL,NULL
8253242879,19-04-2016,Tuesday,4212,2.779999971,1763,0,0,164,1276,NULL,NULL
8253242879,20-04-2016,Wednesday,6466,4.269999981,1931,5,18,216,1201,NULL,NULL
8253242879,21-04-2016,Thursday,11268,8.56000042,2218,49,20,172,1199,NULL,NULL
8253242879,22-04-2016,Friday,2824,1.870000005,1651,0,0,120,1320,NULL,NULL
8253242879,23-04-2016,Saturday,9282,6.260000229,2132,30,26,191,1193,NULL,NULL
8253242879,24-04-2016,Sunday,8905,7.130000114,1976,41,4,82,1313,NULL,NULL
8253242879,25-04-2016,Monday,6829,4.510000229,1909,7,54,118,1261,NULL,NULL
8253242879,26-04-2016,Tuesday,4562,3.039999962,1813,19,14,108,1299,NULL,NULL
8253242879,27-04-2016,Wednesday,10232,8.180000305,2008,45,5,104,1286,NULL,NULL
8253242879,28-04-2016,Thursday,2718,1.799999952,1580,11,16,20,1393,NULL,NULL
8253242879,29-04-2016,Friday,6260,4.260000229,1854,16,14,136,1257,NULL,NULL
8253242879,30-04-2016,Saturday,0,0,0,0,0,0,1440,NULL,NULL
8378563200,12-04-2016,Tuesday,7626,6.050000191,3635,65,15,156,723,NULL,NULL
8378563200,13-04-2016,Wednesday,12386,9.819999695,4079,116,14,169,680,447,487
8378563200,14-04-2016,Thursday,13318,10.56000042,4163,123,21,174,699,424,455
8378563200,15-04-2016,Friday,14461,11.47000027,3666,60,23,190,729,513,533
8378563200,16-04-2016,Saturday,11207,8.890000343,3363,64,21,142,563,611,689
8378563200,17-04-2016,Sunday,2132,1.690000057,2572,0,0,93,599,525,591
8378563200,18-04-2016,Monday,13630,10.81000042,4157,117,10,174,720,398,451
8378563200,19-04-2016,Tuesday,13070,10.35999966,4092,120,19,154,737,387,421
8378563200,20-04-2016,Wednesday,9388,7.440000057,3787,82,8,169,763,381,409
8378563200,21-04-2016,Thursday,15148,12.01000023,4236,137,16,145,677,396,417
8378563200,22-04-2016,Friday,12200,9.670000076,4044,113,12,159,769,441,469
8378563200,23-04-2016,Saturday,5709,4.53000021,2908,19,10,136,740,565,591
8378563200,24-04-2016,Sunday,3703,2.940000057,2741,0,0,135,734,458,492
8378563200,25-04-2016,Monday,12405,9.840000153,4005,117,16,141,692,388,402
8378563200,25-04-2016,Monday,12405,9.840000153,4005,117,16,141,692,388,402
8378563200,26-04-2016,Tuesday,16208,12.85000038,3763,90,18,161,593,550,584
8378563200,27-04-2016,Wednesday,7359,5.840000153,3061,4,4,192,676,531,600
8378563200,28-04-2016,Thursday,5417,4.300000191,2884,11,10,139,711,506,556
8378563200,29-04-2016,Friday,6175,4.900000095,2982,3,7,172,767,527,562
8378563200,30-04-2016,Saturday,2946,2.339999914,2660,0,0,121,780,468,555
8378563200,01-05-2016,Sunday,11419,9.06000042,3369,71,10,127,669,NULL,NULL
8378563200,02-05-2016,Monday,6064,4.809999943,3491,63,4,142,802,NULL,NULL
8378563200,03-05-2016,Tuesday,8712,6.909999847,3784,71,20,195,822,NULL,NULL
8378563200,04-05-2016,Wednesday,7875,6.239999771,3110,19,10,167,680,NULL,NULL
8378563200,05-05-2016,Thursday,8567,6.789999962,3783,66,3,214,764,381,417
8378563200,06-05-2016,Friday,7045,5.590000153,3644,74,5,166,831,NULL,NULL
8378563200,07-05-2016,Saturday,4468,3.539999962,2799,0,0,158,851,NULL,NULL
8378563200,08-05-2016,Sunday,2943,2.329999924,2685,0,0,139,621,NULL,NULL
8378563200,09-05-2016,Monday,8382,6.650000095,3721,71,13,171,772,NULL,NULL
8378563200,10-05-2016,Tuesday,6582,5.21999979,3586,63,13,152,840,NULL,NULL
8378563200,11-05-2016,Wednesday,9143,7.25,3788,72,10,184,763,NULL,NULL
8378563200,12-05-2016,Thursday,4561,3.619999886,1976,8,6,102,433,NULL,NULL
8583815059,12-04-2016,Tuesday,5014,3.910000086,2650,0,7,196,1237,NULL,NULL
8583815059,13-04-2016,Wednesday,5571,4.349999905,2654,2,23,163,1252,NULL,NULL
8583815059,14-04-2016,Thursday,3135,2.450000048,2443,0,0,134,1306,NULL,NULL
8583815059,15-04-2016,Friday,3430,2.680000067,2505,0,0,65,1375,NULL,NULL
8583815059,16-04-2016,Saturday,5319,4.150000095,2693,0,0,0,1440,NULL,NULL
8583815059,17-04-2016,Sunday,3008,2.349999905,2439,0,0,0,1440,NULL,NULL
8583815059,18-04-2016,Monday,3864,3.00999999,2536,4,22,105,1309,NULL,NULL
8583815059,19-04-2016,Tuesday,5697,4.440000057,2668,7,10,166,1257,NULL,NULL
8583815059,20-04-2016,Wednesday,5273,4.110000134,2647,0,27,167,1246,NULL,NULL
8583815059,21-04-2016,Thursday,8538,6.659999847,2883,35,18,158,1229,NULL,NULL
8583815059,22-04-2016,Friday,8687,6.78000021,2944,4,54,212,1170,NULL,NULL
8583815059,23-04-2016,Saturday,9423,7.349999905,3012,7,44,238,1151,NULL,NULL
8583815059,24-04-2016,Sunday,8286,6.460000038,2889,2,44,206,1188,NULL,NULL
8583815059,25-04-2016,Monday,4503,3.50999999,2547,18,6,122,1294,NULL,NULL
8583815059,26-04-2016,Tuesday,10499,8.18999958,3093,1,91,214,1134,NULL,NULL
8583815059,27-04-2016,Wednesday,12474,9.729999542,3142,77,5,129,1229,NULL,NULL
8583815059,28-04-2016,Thursday,6174,4.820000172,2757,0,28,203,1209,NULL,NULL
8583815059,29-04-2016,Friday,15168,11.82999992,3513,46,67,258,1069,NULL,NULL
8583815059,30-04-2016,Saturday,10085,7.869999886,3164,2,28,317,1093,NULL,NULL
8583815059,01-05-2016,Sunday,4512,3.519999981,2596,10,2,117,1311,NULL,NULL
8583815059,02-05-2016,Monday,8469,6.610000134,2894,0,0,0,1440,NULL,NULL
8583815059,03-05-2016,Tuesday,12015,9.369999886,3212,0,0,0,1440,NULL,NULL
8583815059,04-05-2016,Wednesday,3588,2.799999952,2516,0,0,0,1440,NULL,NULL
8583815059,05-05-2016,Thursday,12427,9.68999958,3266,0,0,70,1370,NULL,NULL
8583815059,06-05-2016,Friday,5843,4.559999943,2683,2,22,166,1250,NULL,NULL
8583815059,07-05-2016,Saturday,6117,4.769999981,2810,0,0,250,1190,NULL,NULL
8583815059,08-05-2016,Sunday,9217,7.190000057,2940,3,72,182,1183,NULL,NULL
8583815059,09-05-2016,Monday,9877,7.699999809,2947,66,4,110,1260,NULL,NULL
8583815059,10-05-2016,Tuesday,8240,6.429999828,2846,9,43,162,1226,NULL,NULL
8583815059,11-05-2016,Wednesday,8701,6.789999962,2804,5,71,177,1106,NULL,NULL
8583815059,12-05-2016,Thursday,0,0,0,0,0,0,1440,NULL,NULL
8792009665,12-04-2016,Tuesday,2564,1.639999986,2044,0,0,116,831,NULL,NULL
8792009665,13-04-2016,Wednesday,1320,0.839999974,1934,0,0,82,806,531,552
8792009665,14-04-2016,Thursday,1219,0.779999971,1963,0,0,84,853,486,503
8792009665,15-04-2016,Friday,2483,1.590000033,2009,0,0,126,937,363,377
8792009665,16-04-2016,Saturday,244,0.159999996,1721,0,0,12,1428,NULL,NULL
8792009665,17-04-2016,Sunday,0,0,1688,0,0,0,1440,NULL,NULL
8792009665,18-04-2016,Monday,0,0,1688,0,0,0,1440,NULL,NULL
8792009665,19-04-2016,Tuesday,0,0,1688,0,0,0,1440,NULL,NULL
8792009665,20-04-2016,Wednesday,3147,2.00999999,2188,0,10,139,744,528,547
8792009665,21-04-2016,Thursday,144,0.090000004,1720,0,0,9,1431,NULL,NULL
8792009665,22-04-2016,Friday,4068,2.599999905,2419,1,20,195,817,391,407
8792009665,23-04-2016,Saturday,5245,3.359999895,2748,8,45,232,795,339,360
8792009665,24-04-2016,Sunday,400,0.25999999,1799,3,8,19,1410,NULL,NULL
8792009665,25-04-2016,Monday,0,0,1688,0,0,0,1440,NULL,NULL
8792009665,26-04-2016,Tuesday,1321,0.850000024,1928,0,0,80,1360,NULL,NULL
8792009665,27-04-2016,Wednesday,1758,1.129999995,2067,0,0,112,900,423,428
8792009665,28-04-2016,Thursday,6157,3.940000057,2780,0,0,310,714,402,416
8792009665,29-04-2016,Friday,8360,5.349999905,3101,6,14,380,634,398,406
8792009665,30-04-2016,Saturday,7174,4.590000153,2896,10,20,301,749,343,360
8792009665,01-05-2016,Sunday,1619,1.039999962,1962,0,0,79,834,NULL,NULL
8792009665,02-05-2016,Monday,1831,1.169999957,2015,0,0,101,916,NULL,NULL
8792009665,03-05-2016,Tuesday,2421,1.549999952,2297,0,0,156,739,NULL,NULL
8792009665,04-05-2016,Wednesday,2283,1.460000038,2067,0,0,129,848,NULL,NULL
8792009665,05-05-2016,Thursday,0,0,1688,0,0,0,1440,NULL,NULL
8792009665,06-05-2016,Friday,0,0,1688,0,0,0,1440,NULL,NULL
8792009665,07-05-2016,Saturday,0,0,1688,0,0,0,1440,NULL,NULL
8792009665,08-05-2016,Sunday,0,0,1688,0,0,0,1440,NULL,NULL
8792009665,09-05-2016,Monday,0,0,1688,0,0,0,1440,NULL,NULL
8792009665,10-05-2016,Tuesday,0,0,57,0,0,0,48,NULL,NULL
8877689391,12-04-2016,Tuesday,23186,20.39999962,3921,85,7,312,1036,NULL,NULL
8877689391,13-04-2016,Wednesday,15337,9.579999924,3566,108,18,216,1098,NULL,NULL
8877689391,14-04-2016,Thursday,21129,18.97999954,3793,68,13,298,1061,NULL,NULL
8877689391,15-04-2016,Friday,13422,7.170000076,3934,106,1,281,1052,NULL,NULL
8877689391,16-04-2016,Saturday,29326,25.29000092,4547,94,29,429,888,NULL,NULL
8877689391,17-04-2016,Sunday,15118,8.869999886,3545,58,15,307,1060,NULL,NULL
8877689391,18-04-2016,Monday,11423,8.670000076,2761,29,5,191,1215,NULL,NULL
8877689391,19-04-2016,Tuesday,18785,17.39999962,3676,82,13,214,1131,NULL,NULL
8877689391,20-04-2016,Wednesday,19948,18.11000061,3679,73,19,225,1123,NULL,NULL
8877689391,21-04-2016,Thursday,19377,17.62000084,3659,82,13,226,1119,NULL,NULL
8877689391,22-04-2016,Friday,18258,16.30999947,3427,61,2,236,1141,NULL,NULL
8877689391,23-04-2016,Saturday,11200,7.429999828,3891,102,6,300,1032,NULL,NULL
8877689391,24-04-2016,Sunday,16674,15.73999977,3455,64,1,227,1148,NULL,NULL
8877689391,25-04-2016,Monday,12986,8.739999771,3802,113,8,218,1101,NULL,NULL
8877689391,26-04-2016,Tuesday,11101,8.430000305,2860,22,3,258,1157,NULL,NULL
8877689391,27-04-2016,Wednesday,23629,20.64999962,3808,93,8,235,1104,NULL,NULL
8877689391,28-04-2016,Thursday,14890,11.30000019,3060,58,8,231,1143,NULL,NULL
8877689391,29-04-2016,Friday,9733,7.389999866,2698,18,5,210,1207,NULL,NULL
8877689391,30-04-2016,Saturday,27745,26.71999931,4398,124,4,223,1089,NULL,NULL
8877689391,01-05-2016,Sunday,10930,8.319999695,2786,36,12,166,1226,NULL,NULL
8877689391,02-05-2016,Monday,4790,3.640000105,2189,0,0,105,1335,NULL,NULL
8877689391,03-05-2016,Tuesday,10818,8.210000038,2817,19,3,229,1189,NULL,NULL
8877689391,04-05-2016,Wednesday,18193,16.29999924,3477,66,8,212,1154,NULL,NULL
8877689391,05-05-2016,Thursday,14055,10.67000008,3052,67,15,188,1170,NULL,NULL
8877689391,06-05-2016,Friday,21727,19.34000015,4015,96,17,232,1095,NULL,NULL
8877689391,07-05-2016,Saturday,12332,8.130000114,4142,105,28,271,1036,NULL,NULL
8877689391,08-05-2016,Sunday,10686,8.109999657,2847,17,4,245,1174,NULL,NULL
8877689391,09-05-2016,Monday,20226,18.25,3710,73,19,217,1131,NULL,NULL
8877689391,10-05-2016,Tuesday,10733,8.149999619,2832,18,11,224,1187,NULL,NULL
8877689391,11-05-2016,Wednesday,21420,19.55999947,3832,88,12,213,1127,NULL,NULL
8877689391,12-05-2016,Thursday,8064,6.119999886,1849,23,1,137,770,NULL,NULL
